{
    "root_group": {
        "checks": {},
        "name": "",
        "path": "",
        "id": "d41d8cd98f00b204e9800998ecf8427e",
        "groups": {}
    },
    "metrics": {
        "http_reqs": {
            "count": 700,
            "rate": 351.76699597417746
        },
        "http_req_connecting": {
            "p(90)": 0,
            "p(95)": 0,
            "avg": 0,
            "min": 0,
            "med": 0,
            "max": 0
        },
        "http_req_waiting": {
            "max": 7.016,
            "p(90)": 5.0043,
            "p(95)": 5.1234,
            "avg": 2.7727857142857144,
            "min": 0,
            "med": 2.56515
        },
        "vus": {
            "value": 1,
            "min": 1,
            "max": 1
        },
        "http_req_tls_handshaking": {
            "med": 0,
            "max": 0,
            "p(90)": 0,
            "p(95)": 0,
            "avg": 0,
            "min": 0
        },
        "vus_max": {
            "max": 1,
            "value": 1,
            "min": 1
        },
        "http_req_failed": {
            "passes": 700,
            "fails": 0,
            "value": 1
        },
        "data_sent": {
            "count": 62300,
            "rate": 31307.262641701796
        },
        "iteration_duration": {
            "p(95)": 5.20039,
            "avg": 2.837764142857143,
            "min": 0,
            "med": 3.0023,
            "max": 7.016,
            "p(90)": 5.00464
        },
        "http_req_blocked": {
            "p(95)": 0,
            "avg": 0.006455714285714286,
            "min": 0,
            "med": 0,
            "max": 3.518,
            "p(90)": 0
        },
        "http_req_sending": {
            "med": 0,
            "max": 1.5028,
            "p(90)": 0,
            "p(95)": 0,
            "avg": 0.009368999999999999,
            "min": 0
        },
        "iterations": {
            "count": 700,
            "rate": 351.76699597417746
        },
        "http_req_receiving": {
            "avg": 0.022006142857142856,
            "min": 0,
            "med": 0,
            "max": 1.5032,
            "p(90)": 0,
            "p(95)": 0
        },
        "http_req_duration": {
            "avg": 2.804160857142857,
            "min": 0,
            "med": 2.6087,
            "max": 7.016,
            "p(90)": 5.00431,
            "p(95)": 5.13032
        },
        "data_received": {
            "count": 237300,
            "rate": 119249.01163524616
        }
    }
}