{
   "root_group":{
      "checks":{
         
      },
      "name":"",
      "path":"",
      "id":"d41d8cd98f00b204e9800998ecf8427e",
      "groups":{
         
      }
   },
   "metrics":{
      "http_reqs":{
         "count":650,
         "rate":326.76699597417746
      },
      "http_req_connecting":{
         "p(90)":0,
         "p(95)":0,
         "avg":0,
         "min":0,
         "med":0,
         "max":0
      },
      "http_req_waiting":{
         "max":6.516,
         "p(90)":4.7033,
         "p(95)":4.8234,
         "avg":2.4727857142857144,
         "min":0,
         "med":2.36515
      },
      "vus":{
         "value":1,
         "min":1,
         "max":1
      },
      "http_req_tls_handshaking":{
         "med":0,
         "max":0,
         "p(90)":0,
         "p(95)":0,
         "avg":0,
         "min":0
      },
      "vus_max":{
         "max":1,
         "value":1,
         "min":1
      },
      "http_req_failed":{
         "passes":650,
         "fails":0,
         "value":1
      },
      "data_sent":{
         "count":59800,
         "rate":29907.262641701796
      },
      "iteration_duration":{
         "p(95)":4.90039,
         "avg":2.637764142857143,
         "min":0,
         "med":2.8023,
         "max":6.516,
         "p(90)":4.70464
      },
      "http_req_blocked":{
         "p(95)":0,
         "avg":0.005455714285714286,
         "min":0,
         "med":0,
         "max":3.018,
         "p(90)":0
      },
      "http_req_sending":{
         "med":0,
         "max":1.4028,
         "p(90)":0,
         "p(95)":0,
         "avg":0.008368999999999999,
         "min":0
      },
      "iterations":{
         "count":650,
         "rate":326.76699597417746
      },
      "http_req_receiving":{
         "avg":0.020006142857142856,
         "min":0,
         "med":0,
         "max":1.402,
         "p(90)":0,
         "p(95)":0
      },
      "http_req_duration":{
         "avg":2.402241653132457,
         "min":0,
         "med":1.6087,
         "max":4.918,
         "p(90)":4.22631,
         "p(95)":4.01123
      },
      "data_received":{
         "count":221300,
         "rate":111249.01163524616
      }
   }
}