{
   "root_group":{
      "id":"d41d8cd98f00b204e9800998ecf8427e",
      "groups":{
         
      },
      "checks":{
         
      },
      "name":"",
      "path":""
   },
   "metrics":{
      "http_req_tls_handshaking":{
         "p(90)":0,
         "p(95)":0,
         "avg":0,
         "min":0,
         "med":0,
         "max":0
      },
      "http_req_waiting":{
         "min":0,
         "med":0,
         "max":1.4037,
         "p(90)":0.4122099999999999,
         "p(95)":0.415105,
         "avg":0.07053142857142858
      },
      "http_req_receiving":{
         "p(90)":0,
         "p(95)":0,
         "avg":0.015419857142857145,
         "min":0,
         "med":0,
         "max":0.9007
      },
      "http_reqs":{
         "rate":5284.065311227881,
         "count":700
      },
      "http_req_connecting":{
         "avg":0,
         "min":0,
         "med":0,
         "max":0,
         "p(90)":0,
         "p(95)":0
      },
      "http_req_duration":{
         "min":0,
         "med":0,
         "max":1.4037,
         "p(90)":0.41211,
         "p(95)":0.4217200000000001,
         "avg":0.10029528571428572
      },
      "http_req_sending":{
         "max":0.4496,
         "p(90)":0,
         "p(95)":0,
         "avg":0.008343999999999997,
         "min":0,
         "med":0
      },
      "data_received":{
         "count":246900,
         "rate":1969351.9692206322
      },
      "http_req_failed":{
         "fails":0,
         "passes":650,
         "value":1
      },
      "data_sent":{
         "count":117500,
         "rate":937211.4294648791
      },
      "http_req_blocked":{
         "max":1.7999,
         "p(90)":0,
         "p(95)":0,
         "avg":0.002589142857142857,
         "min":0,
         "med":0
      },
      "iteration_duration":{
         "p(90)":0.51514,
         "p(95)":0.5713149999999999,
         "avg":0.15023285714285719,
         "min":0,
         "med":0,
         "max":4.0448
      },
      "iterations":{
         "count":700,
         "rate":5284.065311227881
      }
   }
}